<?xml version="1.0" encoding="UTF-8"?>
<!DOCTYPE configuration
  PUBLIC "-//mybatis.org//DTD Config 3.0//EN"
  "http://mybatis.org/dtd/mybatis-3-config.dtd">
<configuration>
	<settings>
		<setting name="mapUnderscoreToCamelCase" value="true" />
		<setting name="jdbcTypeForNull" value="VARCHAR" />
	</settings>
	<typeAliases>
		<package name="com.yedam.java" />
	</typeAliases>
	<typeHandlers>
		<typeHandler javaType="java.sql.Date"
			handler="org.apache.ibatis.type.DateTypeHandler" />
	</typeHandlers>
</configuration>