<?xml version="1.0" encoding="UTF-8" ?>
<!DOCTYPE mapper
  PUBLIC "-//mybatis.org//DTD Mapper 3.0//EN"
  "https://mybatis.org/dtd/mybatis-3-mapper.dtd">
 <mapper namespace="com.yedam.java.book.mapper.BookMapper">
 
 <select id="getBookList" resultType="BookVO">
 	SELECT book_no
 		  ,book_name
 		  ,book_coverimg
 		  ,book_date
 		  ,book_price
 		  ,book_publisher
 		  ,book_info
 	 FROM book_tbl_06
 	 ORDER BY book_no
 </select>
 
 <select id="getRent" resultType="RentVO">
 	SELECT b.book_no AS book_no, a.book_name AS book_name, COUNT(*) AS tot, SUM(b.rent_price) AS price
		FROM rent_tbl_06 b 
		JOIN book_tbl_06 a
		ON b. book_no = a.book_no
		GROUP BY b.book_no,a.book_name
		ORDER BY b.book_no 
 </select>
 
 
 <select id="getBookNo" resultType="int">
 	SELECT MAX(book_no)+1 AS nextno FROM book_tbl_06
 </select>
 
 <insert id="insertBook" parameterType="BookVO">
	INSERT INTO book_tbl_06 
		(	book_no
		 ,book_name
		 ,book_coverimg
		 ,book_date
		 ,book_price
		 ,book_publisher
		 ,book_info
 		)
 	VALUES
 		(
 		  #{bookNo}
		 ,#{bookName}
		 ,#{bookCoverimg}
		 ,#{bookDate}
		 ,#{bookPrice}
		 ,#{bookPublisher}
		 ,#{bookInfo}
 		)
 </insert>
 
 </mapper>