<?xml version="1.0" encoding="UTF-8" ?>
<!DOCTYPE configuration
  PUBLIC "-//mybatis.org//DTD Config 3.0//EN"
  "https://mybatis.org/dtd/mybatis-3-config.dtd">
<configuration>
  <properties resource="database.properties"/>
  <settings>
  	<setting name="mapUnderscoreToCamelCase" value="true"/>
  	<!-- 빈값이 들어오면 null로 인식 -->
  	<setting name="jdbcTypeForNull" value="NULL"/>
  </settings>
  <environments default="development">
    <environment id="development">
      <transactionManager type="JDBC"/>
      <dataSource type="POOLED">
      	<!-- name : mybatis keyword -->
        <property name="driver" value="${driver}"/>
        <property name="url" value="${url}"/>
        <property name="username" value="${user}"/>
        <property name="password" value="${password}"/>
      </dataSource>
    </environment>
  </environments>
  <mappers>
    <package name="co.micol.T20230905"/>
  </mappers>
</configuration>